dataset_size,technique,query,parameter,supported,samples,avg_ms,median_ms,p95_ms,min_ms,max_ms,build_ms,result_items,size_bytes,notes
1000,secuencial,range,1 km,True,100,1.7630839976482093,1.570400025229901,2.555099898017943,1.4977999962866306,3.2674999674782157,,58,,Sin índice: distancia Haversine punto a punto sobre todo el dataset. Es la línea base que exige el enunciado.
1000,secuencial,range,5 km,True,100,1.6829680011142045,1.5721499803476036,2.149400068446994,1.5164000215008855,2.801600028760731,,1850,,Sin índice: distancia Haversine punto a punto sobre todo el dataset. Es la línea base que exige el enunciado.
1000,secuencial,range,10 km,True,100,1.6571319999638945,1.5816499944776297,2.046199981123209,1.5217999462038279,2.7730000438168645,,8134,,Sin índice: distancia Haversine punto a punto sobre todo el dataset. Es la línea base que exige el enunciado.
1000,secuencial,knn,k=10,True,100,1.7945169983431697,1.7470500315539539,2.0369000267237425,1.6554000321775675,2.2585999686270952,,1000,,Ordenamiento completo por distancia: O(n log n) por consulta.
1000,secuencial,knn,k=50,True,100,2.15628799633123,1.860350021161139,3.316999995149672,1.6587999416515231,4.049399984069169,,5000,,Ordenamiento completo por distancia: O(n log n) por consulta.
1000,secuencial,knn,k=100,True,100,2.017830003751442,1.7342500505037606,2.800000016577542,1.6515000024810433,3.8218999980017543,,10000,,Ordenamiento completo por distancia: O(n log n) por consulta.
1000,rtree,range,1 km,True,100,0.12225699727423489,0.11049996828660369,0.2264999784529209,0.02889998722821474,0.4517000634223223,5.579899996519089,58,4352,"R-Tree propio (M=16, altura=3, llenado 99%). Poda por MBR y comprobación exacta con Haversine."
1000,rtree,range,5 km,True,100,0.19919799640774727,0.1830000546760857,0.3978000022470951,0.06180000491440296,0.7390999235212803,5.579899996519089,1850,4352,"R-Tree propio (M=16, altura=3, llenado 99%). Poda por MBR y comprobación exacta con Haversine."
1000,rtree,range,10 km,True,100,0.4730889992788434,0.4544500261545181,1.0228999890387058,0.10289996862411499,1.6593999462202191,5.579899996519089,8134,4352,"R-Tree propio (M=16, altura=3, llenado 99%). Poda por MBR y comprobación exacta con Haversine."
1000,rtree,knn,k=10,True,100,0.9920649998821318,0.8963500731624663,1.9184999400749803,0.3226000117138028,2.813099999912083,5.579899996519089,1000,4352,Best-first search con MINDIST: la distancia real sólo se calcula con los puntos de las hojas visitadas.
1000,rtree,knn,k=50,True,100,1.2003200000617653,1.1554499506019056,2.1078999852761626,0.5750999553129077,2.8214999474585056,5.579899996519089,5000,4352,Best-first search con MINDIST: la distancia real sólo se calcula con los puntos de las hojas visitadas.
1000,rtree,knn,k=100,True,100,1.4828770013991743,1.3564500259235501,2.3037000792101026,0.8861999958753586,4.055499914102256,5.579899996519089,10000,4352,Best-first search con MINDIST: la distancia real sólo se calcula con los puntos de las hojas visitadas.
1000,rtree,polygon,4 vértices,True,20,0.30916499672457576,0.29740005265921354,0.39030006155371666,0.242499983869493,0.575199956074357,5.579899996519089,360,4352,Intersección con polígono: poda por el MBR del polígono y confirmación con punto-en-polígono (ray casting).
1000,postgres_gist,range,1 km,True,100,0.5748269986361265,0.320300052408129,0.8469999302178621,0.24880003184080124,16.96599996648729,114.55910000950098,58,335872,GiST de PostgreSQL con PostGIS (ST_DWithin).
1000,postgres_gist,range,5 km,True,100,0.5633819941431284,0.5046500009484589,0.9561999468132854,0.278300023637712,1.3328000204637647,114.55910000950098,1860,335872,GiST de PostgreSQL con PostGIS (ST_DWithin).
1000,postgres_gist,range,10 km,True,100,0.7922100031282753,0.742150004953146,1.2186000822111964,0.3174999728798866,2.057399949990213,114.55910000950098,8165,335872,GiST de PostgreSQL con PostGIS (ST_DWithin).
1000,postgres_gist,knn,k=10,True,100,0.6406580086331815,0.5824000108987093,1.039800001308322,0.36179996095597744,2.198799978941679,114.55910000950098,1000,335872,k-NN con el operador <-> acelerado por GiST (Index Scan ordenado por distancia).
1000,postgres_gist,knn,k=50,True,100,0.9636780037544668,0.901849998626858,1.5094999689608812,0.6977999582886696,1.8097999272868037,114.55910000950098,5000,335872,k-NN con el operador <-> acelerado por GiST (Index Scan ordenado por distancia).
1000,postgres_gist,knn,k=100,True,100,1.4381549961399287,1.3638500240631402,2.0035000052303076,1.0334999533370137,2.2769999923184514,114.55910000950098,10000,335872,k-NN con el operador <-> acelerado por GiST (Index Scan ordenado por distancia).
10000,secuencial,range,1 km,True,100,18.043945010285825,17.47355004772544,22.02539995778352,15.61170001514256,25.86590009741485,,599,,Sin índice: distancia Haversine punto a punto sobre todo el dataset. Es la línea base que exige el enunciado.
10000,secuencial,range,5 km,True,100,18.09194500092417,17.89865008322522,19.758200040087104,16.212300048209727,25.511199957691133,,18052,,Sin índice: distancia Haversine punto a punto sobre todo el dataset. Es la línea base que exige el enunciado.
10000,secuencial,range,10 km,True,100,18.891741995466873,17.954449984245002,24.26289999857545,15.802700072526932,30.90470004826784,,81382,,Sin índice: distancia Haversine punto a punto sobre todo el dataset. Es la línea base que exige el enunciado.
10000,secuencial,knn,k=10,True,100,21.51294299750589,21.090750000439584,26.254899916239083,17.771200044080615,49.323500017635524,,1000,,Ordenamiento completo por distancia: O(n log n) por consulta.
10000,secuencial,knn,k=50,True,100,20.03188299597241,19.740000017918646,22.290299995802343,17.705600010231137,28.16970006097108,,5000,,Ordenamiento completo por distancia: O(n log n) por consulta.
10000,secuencial,knn,k=100,True,100,20.480070998892188,20.009050029329956,25.035900063812733,17.569199902936816,28.59649993479252,,10000,,Ordenamiento completo por distancia: O(n log n) por consulta.
10000,rtree,range,1 km,True,100,0.6305840017739683,0.5769500276073813,1.2738000368699431,0.16300007700920105,1.7313000280410051,73.8746999995783,598,42816,"R-Tree propio (M=16, altura=4, llenado 100%). Poda por MBR y comprobación exacta con Haversine."
10000,rtree,range,5 km,True,100,1.6958919959142804,1.317199959885329,3.7172000156715512,0.386199913918972,5.213199998252094,73.8746999995783,18051,42816,"R-Tree propio (M=16, altura=4, llenado 100%). Poda por MBR y comprobación exacta con Haversine."
10000,rtree,range,10 km,True,100,5.087103000842035,4.87599999178201,9.663200005888939,1.039199996739626,10.79199998639524,73.8746999995783,81376,42816,"R-Tree propio (M=16, altura=4, llenado 100%). Poda por MBR y comprobación exacta con Haversine."
10000,rtree,knn,k=10,True,100,4.229833002900705,4.240600042976439,6.701799924485385,1.1789000127464533,8.571700076572597,73.8746999995783,1000,42816,Best-first search con MINDIST: la distancia real sólo se calcula con los puntos de las hojas visitadas.
10000,rtree,knn,k=50,True,100,4.750564995920286,4.558850021567196,7.492700009606779,1.9330000504851341,8.299199980683625,73.8746999995783,5000,42816,Best-first search con MINDIST: la distancia real sólo se calcula con los puntos de las hojas visitadas.
10000,rtree,knn,k=100,True,100,5.243714000098407,5.137500003911555,8.048600051552057,2.1831999765709043,8.744799997657537,73.8746999995783,10000,42816,Best-first search con MINDIST: la distancia real sólo se calcula con los puntos de las hojas visitadas.
10000,rtree,polygon,4 vértices,True,20,1.8008649873081595,1.6928499680943787,2.6018000207841396,1.347599900327623,2.797699999064207,73.8746999995783,2780,42816,Intersección con polígono: poda por el MBR del polígono y confirmación con punto-en-polígono (ray casting).
10000,postgres_gist,range,1 km,True,100,0.5067049979697913,0.39855000795796514,0.8438000222668052,0.2682999474927783,3.9027000311762094,238.3870999328792,599,2654208,GiST de PostgreSQL con PostGIS (ST_DWithin).
10000,postgres_gist,range,5 km,True,100,1.3991679914761335,1.1941500124521554,2.661100006662309,0.5153999663889408,3.5173000069335103,238.3870999328792,18142,2654208,GiST de PostgreSQL con PostGIS (ST_DWithin).
10000,postgres_gist,range,10 km,True,100,3.8673919916618615,3.9729500422254205,6.507299956865609,1.0299000423401594,7.861700025387108,238.3870999328792,81702,2654208,GiST de PostgreSQL con PostGIS (ST_DWithin).
10000,postgres_gist,knn,k=10,True,100,0.7125619996804744,0.6239000358618796,1.171399955637753,0.38700003642588854,2.059799968264997,238.3870999328792,1000,2654208,k-NN con el operador <-> acelerado por GiST (Index Scan ordenado por distancia).
10000,postgres_gist,knn,k=50,True,100,1.1841390002518892,1.0871500126086175,1.780599937774241,0.7701000431552529,4.45830007083714,238.3870999328792,5000,2654208,k-NN con el operador <-> acelerado por GiST (Index Scan ordenado por distancia).
10000,postgres_gist,knn,k=100,True,100,1.6116960044018924,1.5733499894849956,2.1634999429807067,1.1363000376150012,2.566399984061718,238.3870999328792,10000,2654208,k-NN con el operador <-> acelerado por GiST (Index Scan ordenado por distancia).
100000,secuencial,range,1 km,True,100,179.43278000573628,176.13725003320724,195.81549998838454,162.32200001832098,270.17260005231947,,5867,,Sin índice: distancia Haversine punto a punto sobre todo el dataset. Es la línea base que exige el enunciado.
100000,secuencial,range,5 km,True,100,182.08118499373086,177.1846999763511,209.16610001586378,161.5286999149248,268.2397998869419,,180902,,Sin índice: distancia Haversine punto a punto sobre todo el dataset. Es la línea base que exige el enunciado.
100000,secuencial,range,10 km,True,100,179.04358300263993,178.1697999103926,187.87490006070584,161.42059990670532,278.5415999824181,,816209,,Sin índice: distancia Haversine punto a punto sobre todo el dataset. Es la línea base que exige el enunciado.
100000,secuencial,knn,k=10,True,100,216.11873699934222,214.1037000110373,230.44069996103644,200.0266999239102,316.3073000032455,,1000,,Ordenamiento completo por distancia: O(n log n) por consulta.
100000,secuencial,knn,k=50,True,100,216.53335299808532,215.7918500015512,229.31429999880493,197.83399999141693,290.411000023596,,5000,,Ordenamiento completo por distancia: O(n log n) por consulta.
100000,secuencial,knn,k=100,True,100,221.42254100297578,215.81565006636083,258.9000000152737,197.8380000218749,324.9754999997094,,10000,,Ordenamiento completo por distancia: O(n log n) por consulta.
100000,rtree,range,1 km,True,100,4.047095002606511,4.022150009404868,6.539300084114075,1.3755999971181154,8.781799930147827,1024.0342000033706,5865,426816,"R-Tree propio (M=16, altura=5, llenado 100%). Poda por MBR y comprobación exacta con Haversine."
100000,rtree,range,5 km,True,100,16.483639993239194,11.028300039470196,42.81249991618097,4.398599965497851,65.21300005260855,1024.0342000033706,180882,426816,"R-Tree propio (M=16, altura=5, llenado 100%). Poda por MBR y comprobación exacta con Haversine."
100000,rtree,range,10 km,True,100,55.523359989747405,57.535149971954525,102.89470001589507,12.40270002745092,152.06729993224144,1024.0342000033706,816124,426816,"R-Tree propio (M=16, altura=5, llenado 100%). Poda por MBR y comprobación exacta con Haversine."
100000,rtree,knn,k=10,True,100,19.090472997631878,19.392099988181144,25.38140001706779,8.724399958737195,26.931600063107908,1024.0342000033706,1000,426816,Best-first search con MINDIST: la distancia real sólo se calcula con los puntos de las hojas visitadas.
100000,rtree,knn,k=50,True,100,20.51436899928376,21.087350032757968,27.810900006443262,7.450700039044023,32.406700076535344,1024.0342000033706,5000,426816,Best-first search con MINDIST: la distancia real sólo se calcula con los puntos de las hojas visitadas.
100000,rtree,knn,k=100,True,100,20.807787994854152,21.204549993854016,28.09849998448044,9.058599942363799,38.13680005259812,1024.0342000033706,10000,426816,Best-first search con MINDIST: la distancia real sólo se calcula con los puntos de las hojas visitadas.
100000,rtree,polygon,4 vértices,True,20,17.07276499364525,16.959599975962192,17.70520000718534,16.307099955156446,18.62540002912283,1024.0342000033706,29480,426816,Intersección con polígono: poda por el MBR del polígono y confirmación con punto-en-polígono (ray casting).
100000,postgres_gist,range,1 km,True,100,1.0283209942281246,0.8054999634623528,2.672599977813661,0.49949996173381805,5.3888000547885895,2659.4050999265164,5884,26468352,GiST de PostgreSQL con PostGIS (ST_DWithin).
100000,postgres_gist,range,5 km,True,100,8.536289997864515,5.613799963612109,18.950800062157214,2.187300007790327,53.85479994583875,2659.4050999265164,181681,26468352,GiST de PostgreSQL con PostGIS (ST_DWithin).
100000,postgres_gist,range,10 km,True,100,27.15155499521643,26.919049967546016,47.40229994058609,5.726400064304471,53.61289996653795,2659.4050999265164,819358,26468352,GiST de PostgreSQL con PostGIS (ST_DWithin).
100000,postgres_gist,knn,k=10,True,100,0.7576760090887547,0.6781999836675823,1.1834000470116735,0.505700008943677,1.5740999951958656,2659.4050999265164,1000,26468352,k-NN con el operador <-> acelerado por GiST (Index Scan ordenado por distancia).
100000,postgres_gist,knn,k=50,True,100,1.2621480063535273,1.150700030848384,1.9796999404206872,0.8050000760704279,2.67730001360178,2659.4050999265164,5000,26468352,k-NN con el operador <-> acelerado por GiST (Index Scan ordenado por distancia).
100000,postgres_gist,knn,k=100,True,100,1.7974920012056828,1.7004500259645283,2.8014000272378325,1.22079998254776,3.4958000760525465,2659.4050999265164,10000,26468352,k-NN con el operador <-> acelerado por GiST (Index Scan ordenado por distancia).
