dataset_size,technique,query,parameter,avg_ms,build_ms,size_bytes,source
1000,secuencial,range,1 km,1.7630839976482093,,,historical_postgis_run
1000,rtree,range,1 km,0.12225699727423489,5.579899996519089,4352,historical_postgis_run_size_obsolete
1000,postgres_gist,range,1 km,0.5748269986361265,114.55910000950098,335872,historical_postgis_run
1000,secuencial,knn,k=10,1.7945169983431697,,,historical_postgis_run
1000,rtree,knn,k=10,0.9920649998821318,5.579899996519089,4352,historical_postgis_run_size_obsolete
1000,postgres_gist,knn,k=10,0.6406580086331815,114.55910000950098,335872,historical_postgis_run
10000,secuencial,range,1 km,18.043945010285825,,,historical_postgis_run
10000,rtree,range,1 km,0.6305840017739683,73.8746999995783,42816,historical_postgis_run_size_obsolete
10000,postgres_gist,range,1 km,0.5067049979697913,238.3870999328792,2654208,historical_postgis_run
10000,secuencial,knn,k=10,21.51294299750589,,,historical_postgis_run
10000,rtree,knn,k=10,4.229833002900705,73.8746999995783,42816,historical_postgis_run_size_obsolete
10000,postgres_gist,knn,k=10,0.7125619996804744,238.3870999328792,2654208,historical_postgis_run
100000,secuencial,range,1 km,179.43278000573628,,,historical_postgis_run
100000,rtree,range,1 km,4.047095002606511,1024.0342000033706,426816,historical_postgis_run_size_obsolete
100000,postgres_gist,range,1 km,1.0283209942281246,2659.4050999265164,26468352,historical_postgis_run
100000,secuencial,knn,k=10,216.11873699934222,,,historical_postgis_run
100000,rtree,knn,k=10,19.090472997631878,1024.0342000033706,426816,historical_postgis_run_size_obsolete
100000,postgres_gist,knn,k=10,0.7576760090887547,2659.4050999265164,26468352,historical_postgis_run
