dataset_size,storage,metric,avg_us,operations,size_bytes,supported,notes
1000,heap,insert,159.8225,10,36828,True,
1000,heap,search_pk,435.69120000000004,30,36828,True,
1000,heap,disk_space,0.0,0,36828,True,
1000,heap,reorganize,,0,36828,False,Heap reutiliza free-list; no requiere reorganización periódica.
1000,sequential,insert,38.7202,10,33330,True,
1000,sequential,search_pk,19.94066666666667,30,33330,True,
1000,sequential,disk_space,0.0,0,33330,True,
1000,sequential,reorganize,2481.815,1,43230,True,merge main + overflow (310 filas) y compactación
10000,heap,insert,265.2325,10,331452,True,
10000,heap,search_pk,5617.791066666667,30,331452,True,
10000,heap,disk_space,0.0,0,331452,True,
10000,heap,reorganize,,0,331452,False,Heap reutiliza free-list; no requiere reorganización periódica.
10000,sequential,insert,45.75,10,330330,True,
10000,sequential,search_pk,29.816766666666666,30,330330,True,
10000,sequential,disk_space,0.0,0,330330,True,
10000,sequential,reorganize,72870.655,1,432300,True,merge main + overflow (3100 filas) y compactación
100000,heap,insert,210.45870000000002,10,3302244,True,
100000,heap,search_pk,52519.68466666666,30,3302244,True,
100000,heap,disk_space,0.0,0,3302244,True,
100000,heap,reorganize,,0,3302244,False,Heap reutiliza free-list; no requiere reorganización periódica.
100000,sequential,insert,55.103,10,3300330,True,
100000,sequential,search_pk,36.54763333333333,30,3300330,True,
100000,sequential,disk_space,0.0,0,3300330,True,
100000,sequential,reorganize,286527.032,1,4323000,True,merge main + overflow (31000 filas) y compactación
